,name,repo
0,QFramework.cs,https://api.github.com/repos/liangxiegame/QFramework
2,AmbientOcclusion.cs,https://api.github.com/repos/przemyslawzaworski/Unity3D-CG-programming
3,BakeVertexColorMap.cs,https://api.github.com/repos/przemyslawzaworski/Unity3D-CG-programming
4,BezierSurface.cs,https://api.github.com/repos/przemyslawzaworski/Unity3D-CG-programming
5,CAS.cs,https://api.github.com/repos/przemyslawzaworski/Unity3D-CG-programming
6,DecalPainter.cs,https://api.github.com/repos/przemyslawzaworski/Unity3D-CG-programming
7,DepthBufferToWorldSpace.cs,https://api.github.com/repos/przemyslawzaworski/Unity3D-CG-programming
8,DrawCircles.cs,https://api.github.com/repos/przemyslawzaworski/Unity3D-CG-programming
9,DrawCubes.cs,https://api.github.com/repos/przemyslawzaworski/Unity3D-CG-programming
10,DrawSphere.cs,https://api.github.com/repos/przemyslawzaworski/Unity3D-CG-programming
11,FogOfWar.cs,https://api.github.com/repos/przemyslawzaworski/Unity3D-CG-programming
12,NurbsCurve.cs,https://api.github.com/repos/przemyslawzaworski/Unity3D-CG-programming
13,NurbsHair.cs,https://api.github.com/repos/przemyslawzaworski/Unity3D-CG-programming
14,NurbsSurface.cs,https://api.github.com/repos/przemyslawzaworski/Unity3D-CG-programming
15,ParticleCollision.cs,https://api.github.com/repos/przemyslawzaworski/Unity3D-CG-programming
16,ProceduralGeometry.cs,https://api.github.com/repos/przemyslawzaworski/Unity3D-CG-programming
17,ProceduralSphereTessellation.cs,https://api.github.com/repos/przemyslawzaworski/Unity3D-CG-programming
18,ReactionDiffusion.cs,https://api.github.com/repos/przemyslawzaworski/Unity3D-CG-programming
19,ShaderDebugging.cs,https://api.github.com/repos/przemyslawzaworski/Unity3D-CG-programming
20,SquareRoot.cs,https://api.github.com/repos/przemyslawzaworski/Unity3D-CG-programming
21,VertexShaderImage.cs,https://api.github.com/repos/przemyslawzaworski/Unity3D-CG-programming
22,VertexShaderTessellation.cs,https://api.github.com/repos/przemyslawzaworski/Unity3D-CG-programming
23,VolumeSpotLight.cs,https://api.github.com/repos/przemyslawzaworski/Unity3D-CG-programming
24,abyss.cs,https://api.github.com/repos/przemyslawzaworski/Unity3D-CG-programming
25,accumulation.cs,https://api.github.com/repos/przemyslawzaworski/Unity3D-CG-programming
26,area.cs,https://api.github.com/repos/przemyslawzaworski/Unity3D-CG-programming
27,buffer.cs,https://api.github.com/repos/przemyslawzaworski/Unity3D-CG-programming
28,collision_mesh_plane.cs,https://api.github.com/repos/przemyslawzaworski/Unity3D-CG-programming
29,debug_vertex_index.cs,https://api.github.com/repos/przemyslawzaworski/Unity3D-CG-programming
30,depth.cs,https://api.github.com/repos/przemyslawzaworski/Unity3D-CG-programming
31,diagonal_transition.cs,https://api.github.com/repos/przemyslawzaworski/Unity3D-CG-programming
32,drunk.cs,https://api.github.com/repos/przemyslawzaworski/Unity3D-CG-programming
33,fibonacci.cs,https://api.github.com/repos/przemyslawzaworski/Unity3D-CG-programming
34,fire.cs,https://api.github.com/repos/przemyslawzaworski/Unity3D-CG-programming
35,flow_mapping.cs,https://api.github.com/repos/przemyslawzaworski/Unity3D-CG-programming
36,fluid_dynamics.cs,https://api.github.com/repos/przemyslawzaworski/Unity3D-CG-programming
37,instancing.cs,https://api.github.com/repos/przemyslawzaworski/Unity3D-CG-programming
38,map_projection.cs,https://api.github.com/repos/przemyslawzaworski/Unity3D-CG-programming
39,map_trees.cs,https://api.github.com/repos/przemyslawzaworski/Unity3D-CG-programming
40,mesh_deformation.cs,https://api.github.com/repos/przemyslawzaworski/Unity3D-CG-programming
41,mrt.cs,https://api.github.com/repos/przemyslawzaworski/Unity3D-CG-programming
42,notebook_drawings.cs,https://api.github.com/repos/przemyslawzaworski/Unity3D-CG-programming
43,ocean.cs,https://api.github.com/repos/przemyslawzaworski/Unity3D-CG-programming
44,outline.cs,https://api.github.com/repos/przemyslawzaworski/Unity3D-CG-programming
45,paint.cs,https://api.github.com/repos/przemyslawzaworski/Unity3D-CG-programming
46,paint3D.cs,https://api.github.com/repos/przemyslawzaworski/Unity3D-CG-programming
47,point_cloud.cs,https://api.github.com/repos/przemyslawzaworski/Unity3D-CG-programming
48,point_cloud_with_shadow.cs,https://api.github.com/repos/przemyslawzaworski/Unity3D-CG-programming
49,raymarching_direct_compute.cs,https://api.github.com/repos/przemyslawzaworski/Unity3D-CG-programming
50,raymarching_full_integration.cs,https://api.github.com/repos/przemyslawzaworski/Unity3D-CG-programming
51,rw_structured_buffer.cs,https://api.github.com/repos/przemyslawzaworski/Unity3D-CG-programming
52,save_material.cs,https://api.github.com/repos/przemyslawzaworski/Unity3D-CG-programming
53,save_material_editor.cs,https://api.github.com/repos/przemyslawzaworski/Unity3D-CG-programming
54,save_render_texture.cs,https://api.github.com/repos/przemyslawzaworski/Unity3D-CG-programming
55,shader_dynamic_array.cs,https://api.github.com/repos/przemyslawzaworski/Unity3D-CG-programming
56,smallpt.cs,https://api.github.com/repos/przemyslawzaworski/Unity3D-CG-programming
57,structured_buffer.cs,https://api.github.com/repos/przemyslawzaworski/Unity3D-CG-programming
58,toonify.cs,https://api.github.com/repos/przemyslawzaworski/Unity3D-CG-programming
59,volume_texture.cs,https://api.github.com/repos/przemyslawzaworski/Unity3D-CG-programming
60,volumetric_lighting.cs,https://api.github.com/repos/przemyslawzaworski/Unity3D-CG-programming
61,waveform.cs,https://api.github.com/repos/przemyslawzaworski/Unity3D-CG-programming
63,AmbientOcclusion.cs,https://api.github.com/repos/przemyslawzaworski/Unity3D-CG-programming
64,BakeVertexColorMap.cs,https://api.github.com/repos/przemyslawzaworski/Unity3D-CG-programming
65,BezierSurface.cs,https://api.github.com/repos/przemyslawzaworski/Unity3D-CG-programming
66,CAS.cs,https://api.github.com/repos/przemyslawzaworski/Unity3D-CG-programming
67,DecalPainter.cs,https://api.github.com/repos/przemyslawzaworski/Unity3D-CG-programming
68,DepthBufferToWorldSpace.cs,https://api.github.com/repos/przemyslawzaworski/Unity3D-CG-programming
69,DrawCircles.cs,https://api.github.com/repos/przemyslawzaworski/Unity3D-CG-programming
70,DrawCubes.cs,https://api.github.com/repos/przemyslawzaworski/Unity3D-CG-programming
71,DrawSphere.cs,https://api.github.com/repos/przemyslawzaworski/Unity3D-CG-programming
72,FogOfWar.cs,https://api.github.com/repos/przemyslawzaworski/Unity3D-CG-programming
73,NurbsCurve.cs,https://api.github.com/repos/przemyslawzaworski/Unity3D-CG-programming
74,NurbsHair.cs,https://api.github.com/repos/przemyslawzaworski/Unity3D-CG-programming
75,NurbsSurface.cs,https://api.github.com/repos/przemyslawzaworski/Unity3D-CG-programming
76,ParticleCollision.cs,https://api.github.com/repos/przemyslawzaworski/Unity3D-CG-programming
77,ProceduralGeometry.cs,https://api.github.com/repos/przemyslawzaworski/Unity3D-CG-programming
78,ProceduralSphereTessellation.cs,https://api.github.com/repos/przemyslawzaworski/Unity3D-CG-programming
79,ReactionDiffusion.cs,https://api.github.com/repos/przemyslawzaworski/Unity3D-CG-programming
80,ShaderDebugging.cs,https://api.github.com/repos/przemyslawzaworski/Unity3D-CG-programming
81,SquareRoot.cs,https://api.github.com/repos/przemyslawzaworski/Unity3D-CG-programming
82,VertexShaderImage.cs,https://api.github.com/repos/przemyslawzaworski/Unity3D-CG-programming
83,VertexShaderTessellation.cs,https://api.github.com/repos/przemyslawzaworski/Unity3D-CG-programming
84,VolumeSpotLight.cs,https://api.github.com/repos/przemyslawzaworski/Unity3D-CG-programming
85,abyss.cs,https://api.github.com/repos/przemyslawzaworski/Unity3D-CG-programming
86,accumulation.cs,https://api.github.com/repos/przemyslawzaworski/Unity3D-CG-programming
87,area.cs,https://api.github.com/repos/przemyslawzaworski/Unity3D-CG-programming
88,buffer.cs,https://api.github.com/repos/przemyslawzaworski/Unity3D-CG-programming
89,collision_mesh_plane.cs,https://api.github.com/repos/przemyslawzaworski/Unity3D-CG-programming
90,debug_vertex_index.cs,https://api.github.com/repos/przemyslawzaworski/Unity3D-CG-programming
91,depth.cs,https://api.github.com/repos/przemyslawzaworski/Unity3D-CG-programming
92,diagonal_transition.cs,https://api.github.com/repos/przemyslawzaworski/Unity3D-CG-programming
93,drunk.cs,https://api.github.com/repos/przemyslawzaworski/Unity3D-CG-programming
94,fibonacci.cs,https://api.github.com/repos/przemyslawzaworski/Unity3D-CG-programming
95,fire.cs,https://api.github.com/repos/przemyslawzaworski/Unity3D-CG-programming
96,flow_mapping.cs,https://api.github.com/repos/przemyslawzaworski/Unity3D-CG-programming
97,fluid_dynamics.cs,https://api.github.com/repos/przemyslawzaworski/Unity3D-CG-programming
98,instancing.cs,https://api.github.com/repos/przemyslawzaworski/Unity3D-CG-programming
99,map_projection.cs,https://api.github.com/repos/przemyslawzaworski/Unity3D-CG-programming
100,map_trees.cs,https://api.github.com/repos/przemyslawzaworski/Unity3D-CG-programming
101,mesh_deformation.cs,https://api.github.com/repos/przemyslawzaworski/Unity3D-CG-programming
102,mrt.cs,https://api.github.com/repos/przemyslawzaworski/Unity3D-CG-programming
103,notebook_drawings.cs,https://api.github.com/repos/przemyslawzaworski/Unity3D-CG-programming
104,ocean.cs,https://api.github.com/repos/przemyslawzaworski/Unity3D-CG-programming
105,outline.cs,https://api.github.com/repos/przemyslawzaworski/Unity3D-CG-programming
106,paint.cs,https://api.github.com/repos/przemyslawzaworski/Unity3D-CG-programming
107,paint3D.cs,https://api.github.com/repos/przemyslawzaworski/Unity3D-CG-programming
108,point_cloud.cs,https://api.github.com/repos/przemyslawzaworski/Unity3D-CG-programming
109,point_cloud_with_shadow.cs,https://api.github.com/repos/przemyslawzaworski/Unity3D-CG-programming
110,raymarching_direct_compute.cs,https://api.github.com/repos/przemyslawzaworski/Unity3D-CG-programming
111,raymarching_full_integration.cs,https://api.github.com/repos/przemyslawzaworski/Unity3D-CG-programming
112,rw_structured_buffer.cs,https://api.github.com/repos/przemyslawzaworski/Unity3D-CG-programming
113,save_material.cs,https://api.github.com/repos/przemyslawzaworski/Unity3D-CG-programming
114,save_material_editor.cs,https://api.github.com/repos/przemyslawzaworski/Unity3D-CG-programming
115,save_render_texture.cs,https://api.github.com/repos/przemyslawzaworski/Unity3D-CG-programming
116,shader_dynamic_array.cs,https://api.github.com/repos/przemyslawzaworski/Unity3D-CG-programming
117,smallpt.cs,https://api.github.com/repos/przemyslawzaworski/Unity3D-CG-programming
118,structured_buffer.cs,https://api.github.com/repos/przemyslawzaworski/Unity3D-CG-programming
119,toonify.cs,https://api.github.com/repos/przemyslawzaworski/Unity3D-CG-programming
120,volume_texture.cs,https://api.github.com/repos/przemyslawzaworski/Unity3D-CG-programming
121,volumetric_lighting.cs,https://api.github.com/repos/przemyslawzaworski/Unity3D-CG-programming
122,waveform.cs,https://api.github.com/repos/przemyslawzaworski/Unity3D-CG-programming
124,AmbientOcclusion.cs,https://api.github.com/repos/przemyslawzaworski/Unity3D-CG-programming
125,BakeVertexColorMap.cs,https://api.github.com/repos/przemyslawzaworski/Unity3D-CG-programming
126,BezierSurface.cs,https://api.github.com/repos/przemyslawzaworski/Unity3D-CG-programming
127,CAS.cs,https://api.github.com/repos/przemyslawzaworski/Unity3D-CG-programming
128,DecalPainter.cs,https://api.github.com/repos/przemyslawzaworski/Unity3D-CG-programming
129,DepthBufferToWorldSpace.cs,https://api.github.com/repos/przemyslawzaworski/Unity3D-CG-programming
130,DrawCircles.cs,https://api.github.com/repos/przemyslawzaworski/Unity3D-CG-programming
131,DrawCubes.cs,https://api.github.com/repos/przemyslawzaworski/Unity3D-CG-programming
132,DrawSphere.cs,https://api.github.com/repos/przemyslawzaworski/Unity3D-CG-programming
133,FogOfWar.cs,https://api.github.com/repos/przemyslawzaworski/Unity3D-CG-programming
134,NurbsCurve.cs,https://api.github.com/repos/przemyslawzaworski/Unity3D-CG-programming
135,NurbsHair.cs,https://api.github.com/repos/przemyslawzaworski/Unity3D-CG-programming
136,NurbsSurface.cs,https://api.github.com/repos/przemyslawzaworski/Unity3D-CG-programming
137,ParticleCollision.cs,https://api.github.com/repos/przemyslawzaworski/Unity3D-CG-programming
138,ProceduralGeometry.cs,https://api.github.com/repos/przemyslawzaworski/Unity3D-CG-programming
139,ProceduralSphereTessellation.cs,https://api.github.com/repos/przemyslawzaworski/Unity3D-CG-programming
140,ReactionDiffusion.cs,https://api.github.com/repos/przemyslawzaworski/Unity3D-CG-programming
141,ShaderDebugging.cs,https://api.github.com/repos/przemyslawzaworski/Unity3D-CG-programming
142,SquareRoot.cs,https://api.github.com/repos/przemyslawzaworski/Unity3D-CG-programming
143,VertexShaderImage.cs,https://api.github.com/repos/przemyslawzaworski/Unity3D-CG-programming
144,VertexShaderTessellation.cs,https://api.github.com/repos/przemyslawzaworski/Unity3D-CG-programming
145,VolumeSpotLight.cs,https://api.github.com/repos/przemyslawzaworski/Unity3D-CG-programming
146,abyss.cs,https://api.github.com/repos/przemyslawzaworski/Unity3D-CG-programming
147,accumulation.cs,https://api.github.com/repos/przemyslawzaworski/Unity3D-CG-programming
148,area.cs,https://api.github.com/repos/przemyslawzaworski/Unity3D-CG-programming
149,buffer.cs,https://api.github.com/repos/przemyslawzaworski/Unity3D-CG-programming
150,collision_mesh_plane.cs,https://api.github.com/repos/przemyslawzaworski/Unity3D-CG-programming
151,debug_vertex_index.cs,https://api.github.com/repos/przemyslawzaworski/Unity3D-CG-programming
152,depth.cs,https://api.github.com/repos/przemyslawzaworski/Unity3D-CG-programming
153,diagonal_transition.cs,https://api.github.com/repos/przemyslawzaworski/Unity3D-CG-programming
154,drunk.cs,https://api.github.com/repos/przemyslawzaworski/Unity3D-CG-programming
155,fibonacci.cs,https://api.github.com/repos/przemyslawzaworski/Unity3D-CG-programming
156,fire.cs,https://api.github.com/repos/przemyslawzaworski/Unity3D-CG-programming
157,flow_mapping.cs,https://api.github.com/repos/przemyslawzaworski/Unity3D-CG-programming
158,fluid_dynamics.cs,https://api.github.com/repos/przemyslawzaworski/Unity3D-CG-programming
159,instancing.cs,https://api.github.com/repos/przemyslawzaworski/Unity3D-CG-programming
160,map_projection.cs,https://api.github.com/repos/przemyslawzaworski/Unity3D-CG-programming
161,map_trees.cs,https://api.github.com/repos/przemyslawzaworski/Unity3D-CG-programming
162,mesh_deformation.cs,https://api.github.com/repos/przemyslawzaworski/Unity3D-CG-programming
163,mrt.cs,https://api.github.com/repos/przemyslawzaworski/Unity3D-CG-programming
164,notebook_drawings.cs,https://api.github.com/repos/przemyslawzaworski/Unity3D-CG-programming
165,ocean.cs,https://api.github.com/repos/przemyslawzaworski/Unity3D-CG-programming
166,outline.cs,https://api.github.com/repos/przemyslawzaworski/Unity3D-CG-programming
167,paint.cs,https://api.github.com/repos/przemyslawzaworski/Unity3D-CG-programming
168,paint3D.cs,https://api.github.com/repos/przemyslawzaworski/Unity3D-CG-programming
169,point_cloud.cs,https://api.github.com/repos/przemyslawzaworski/Unity3D-CG-programming
170,point_cloud_with_shadow.cs,https://api.github.com/repos/przemyslawzaworski/Unity3D-CG-programming
171,raymarching_direct_compute.cs,https://api.github.com/repos/przemyslawzaworski/Unity3D-CG-programming
172,raymarching_full_integration.cs,https://api.github.com/repos/przemyslawzaworski/Unity3D-CG-programming
173,rw_structured_buffer.cs,https://api.github.com/repos/przemyslawzaworski/Unity3D-CG-programming
174,save_material.cs,https://api.github.com/repos/przemyslawzaworski/Unity3D-CG-programming
175,save_material_editor.cs,https://api.github.com/repos/przemyslawzaworski/Unity3D-CG-programming
176,save_render_texture.cs,https://api.github.com/repos/przemyslawzaworski/Unity3D-CG-programming
177,shader_dynamic_array.cs,https://api.github.com/repos/przemyslawzaworski/Unity3D-CG-programming
178,smallpt.cs,https://api.github.com/repos/przemyslawzaworski/Unity3D-CG-programming
179,structured_buffer.cs,https://api.github.com/repos/przemyslawzaworski/Unity3D-CG-programming
180,toonify.cs,https://api.github.com/repos/przemyslawzaworski/Unity3D-CG-programming
181,volume_texture.cs,https://api.github.com/repos/przemyslawzaworski/Unity3D-CG-programming
182,volumetric_lighting.cs,https://api.github.com/repos/przemyslawzaworski/Unity3D-CG-programming
183,waveform.cs,https://api.github.com/repos/przemyslawzaworski/Unity3D-CG-programming
185,AmbientOcclusion.cs,https://api.github.com/repos/przemyslawzaworski/Unity3D-CG-programming
186,BakeVertexColorMap.cs,https://api.github.com/repos/przemyslawzaworski/Unity3D-CG-programming
187,BezierSurface.cs,https://api.github.com/repos/przemyslawzaworski/Unity3D-CG-programming
188,CAS.cs,https://api.github.com/repos/przemyslawzaworski/Unity3D-CG-programming
189,DecalPainter.cs,https://api.github.com/repos/przemyslawzaworski/Unity3D-CG-programming
190,DepthBufferToWorldSpace.cs,https://api.github.com/repos/przemyslawzaworski/Unity3D-CG-programming
191,DrawCircles.cs,https://api.github.com/repos/przemyslawzaworski/Unity3D-CG-programming
192,DrawCubes.cs,https://api.github.com/repos/przemyslawzaworski/Unity3D-CG-programming
193,DrawSphere.cs,https://api.github.com/repos/przemyslawzaworski/Unity3D-CG-programming
194,FogOfWar.cs,https://api.github.com/repos/przemyslawzaworski/Unity3D-CG-programming
195,NurbsCurve.cs,https://api.github.com/repos/przemyslawzaworski/Unity3D-CG-programming
196,NurbsHair.cs,https://api.github.com/repos/przemyslawzaworski/Unity3D-CG-programming
197,NurbsSurface.cs,https://api.github.com/repos/przemyslawzaworski/Unity3D-CG-programming
198,ParticleCollision.cs,https://api.github.com/repos/przemyslawzaworski/Unity3D-CG-programming
199,ProceduralGeometry.cs,https://api.github.com/repos/przemyslawzaworski/Unity3D-CG-programming
200,ProceduralSphereTessellation.cs,https://api.github.com/repos/przemyslawzaworski/Unity3D-CG-programming
201,ReactionDiffusion.cs,https://api.github.com/repos/przemyslawzaworski/Unity3D-CG-programming
202,ShaderDebugging.cs,https://api.github.com/repos/przemyslawzaworski/Unity3D-CG-programming
203,SquareRoot.cs,https://api.github.com/repos/przemyslawzaworski/Unity3D-CG-programming
204,VertexShaderImage.cs,https://api.github.com/repos/przemyslawzaworski/Unity3D-CG-programming
205,VertexShaderTessellation.cs,https://api.github.com/repos/przemyslawzaworski/Unity3D-CG-programming
206,VolumeSpotLight.cs,https://api.github.com/repos/przemyslawzaworski/Unity3D-CG-programming
207,abyss.cs,https://api.github.com/repos/przemyslawzaworski/Unity3D-CG-programming
208,accumulation.cs,https://api.github.com/repos/przemyslawzaworski/Unity3D-CG-programming
209,area.cs,https://api.github.com/repos/przemyslawzaworski/Unity3D-CG-programming
210,buffer.cs,https://api.github.com/repos/przemyslawzaworski/Unity3D-CG-programming
211,collision_mesh_plane.cs,https://api.github.com/repos/przemyslawzaworski/Unity3D-CG-programming
212,debug_vertex_index.cs,https://api.github.com/repos/przemyslawzaworski/Unity3D-CG-programming
213,depth.cs,https://api.github.com/repos/przemyslawzaworski/Unity3D-CG-programming
214,diagonal_transition.cs,https://api.github.com/repos/przemyslawzaworski/Unity3D-CG-programming
215,drunk.cs,https://api.github.com/repos/przemyslawzaworski/Unity3D-CG-programming
216,fibonacci.cs,https://api.github.com/repos/przemyslawzaworski/Unity3D-CG-programming
217,fire.cs,https://api.github.com/repos/przemyslawzaworski/Unity3D-CG-programming
218,flow_mapping.cs,https://api.github.com/repos/przemyslawzaworski/Unity3D-CG-programming
219,fluid_dynamics.cs,https://api.github.com/repos/przemyslawzaworski/Unity3D-CG-programming
220,instancing.cs,https://api.github.com/repos/przemyslawzaworski/Unity3D-CG-programming
221,map_projection.cs,https://api.github.com/repos/przemyslawzaworski/Unity3D-CG-programming
222,map_trees.cs,https://api.github.com/repos/przemyslawzaworski/Unity3D-CG-programming
223,mesh_deformation.cs,https://api.github.com/repos/przemyslawzaworski/Unity3D-CG-programming
224,mrt.cs,https://api.github.com/repos/przemyslawzaworski/Unity3D-CG-programming
225,notebook_drawings.cs,https://api.github.com/repos/przemyslawzaworski/Unity3D-CG-programming
226,ocean.cs,https://api.github.com/repos/przemyslawzaworski/Unity3D-CG-programming
227,outline.cs,https://api.github.com/repos/przemyslawzaworski/Unity3D-CG-programming
228,paint.cs,https://api.github.com/repos/przemyslawzaworski/Unity3D-CG-programming
229,paint3D.cs,https://api.github.com/repos/przemyslawzaworski/Unity3D-CG-programming
230,point_cloud.cs,https://api.github.com/repos/przemyslawzaworski/Unity3D-CG-programming
231,point_cloud_with_shadow.cs,https://api.github.com/repos/przemyslawzaworski/Unity3D-CG-programming
232,raymarching_direct_compute.cs,https://api.github.com/repos/przemyslawzaworski/Unity3D-CG-programming
233,raymarching_full_integration.cs,https://api.github.com/repos/przemyslawzaworski/Unity3D-CG-programming
234,rw_structured_buffer.cs,https://api.github.com/repos/przemyslawzaworski/Unity3D-CG-programming
235,save_material.cs,https://api.github.com/repos/przemyslawzaworski/Unity3D-CG-programming
236,save_material_editor.cs,https://api.github.com/repos/przemyslawzaworski/Unity3D-CG-programming
237,save_render_texture.cs,https://api.github.com/repos/przemyslawzaworski/Unity3D-CG-programming
238,shader_dynamic_array.cs,https://api.github.com/repos/przemyslawzaworski/Unity3D-CG-programming
239,smallpt.cs,https://api.github.com/repos/przemyslawzaworski/Unity3D-CG-programming
240,structured_buffer.cs,https://api.github.com/repos/przemyslawzaworski/Unity3D-CG-programming
241,toonify.cs,https://api.github.com/repos/przemyslawzaworski/Unity3D-CG-programming
242,volume_texture.cs,https://api.github.com/repos/przemyslawzaworski/Unity3D-CG-programming
243,volumetric_lighting.cs,https://api.github.com/repos/przemyslawzaworski/Unity3D-CG-programming
244,waveform.cs,https://api.github.com/repos/przemyslawzaworski/Unity3D-CG-programming
246,AmbientOcclusion.cs,https://api.github.com/repos/przemyslawzaworski/Unity3D-CG-programming
247,BakeVertexColorMap.cs,https://api.github.com/repos/przemyslawzaworski/Unity3D-CG-programming
248,BezierSurface.cs,https://api.github.com/repos/przemyslawzaworski/Unity3D-CG-programming
249,CAS.cs,https://api.github.com/repos/przemyslawzaworski/Unity3D-CG-programming
250,DecalPainter.cs,https://api.github.com/repos/przemyslawzaworski/Unity3D-CG-programming
251,DepthBufferToWorldSpace.cs,https://api.github.com/repos/przemyslawzaworski/Unity3D-CG-programming
252,DrawCircles.cs,https://api.github.com/repos/przemyslawzaworski/Unity3D-CG-programming
253,DrawCubes.cs,https://api.github.com/repos/przemyslawzaworski/Unity3D-CG-programming
254,DrawSphere.cs,https://api.github.com/repos/przemyslawzaworski/Unity3D-CG-programming
255,FogOfWar.cs,https://api.github.com/repos/przemyslawzaworski/Unity3D-CG-programming
256,NurbsCurve.cs,https://api.github.com/repos/przemyslawzaworski/Unity3D-CG-programming
257,NurbsHair.cs,https://api.github.com/repos/przemyslawzaworski/Unity3D-CG-programming
258,NurbsSurface.cs,https://api.github.com/repos/przemyslawzaworski/Unity3D-CG-programming
259,ParticleCollision.cs,https://api.github.com/repos/przemyslawzaworski/Unity3D-CG-programming
260,ProceduralGeometry.cs,https://api.github.com/repos/przemyslawzaworski/Unity3D-CG-programming
261,ProceduralSphereTessellation.cs,https://api.github.com/repos/przemyslawzaworski/Unity3D-CG-programming
262,ReactionDiffusion.cs,https://api.github.com/repos/przemyslawzaworski/Unity3D-CG-programming
263,ShaderDebugging.cs,https://api.github.com/repos/przemyslawzaworski/Unity3D-CG-programming
264,SquareRoot.cs,https://api.github.com/repos/przemyslawzaworski/Unity3D-CG-programming
265,VertexShaderImage.cs,https://api.github.com/repos/przemyslawzaworski/Unity3D-CG-programming
266,VertexShaderTessellation.cs,https://api.github.com/repos/przemyslawzaworski/Unity3D-CG-programming
267,VolumeSpotLight.cs,https://api.github.com/repos/przemyslawzaworski/Unity3D-CG-programming
268,abyss.cs,https://api.github.com/repos/przemyslawzaworski/Unity3D-CG-programming
269,accumulation.cs,https://api.github.com/repos/przemyslawzaworski/Unity3D-CG-programming
270,area.cs,https://api.github.com/repos/przemyslawzaworski/Unity3D-CG-programming
271,buffer.cs,https://api.github.com/repos/przemyslawzaworski/Unity3D-CG-programming
272,collision_mesh_plane.cs,https://api.github.com/repos/przemyslawzaworski/Unity3D-CG-programming
273,debug_vertex_index.cs,https://api.github.com/repos/przemyslawzaworski/Unity3D-CG-programming
274,depth.cs,https://api.github.com/repos/przemyslawzaworski/Unity3D-CG-programming
275,diagonal_transition.cs,https://api.github.com/repos/przemyslawzaworski/Unity3D-CG-programming
276,drunk.cs,https://api.github.com/repos/przemyslawzaworski/Unity3D-CG-programming
277,fibonacci.cs,https://api.github.com/repos/przemyslawzaworski/Unity3D-CG-programming
278,fire.cs,https://api.github.com/repos/przemyslawzaworski/Unity3D-CG-programming
279,flow_mapping.cs,https://api.github.com/repos/przemyslawzaworski/Unity3D-CG-programming
280,fluid_dynamics.cs,https://api.github.com/repos/przemyslawzaworski/Unity3D-CG-programming
281,instancing.cs,https://api.github.com/repos/przemyslawzaworski/Unity3D-CG-programming
282,map_projection.cs,https://api.github.com/repos/przemyslawzaworski/Unity3D-CG-programming
283,map_trees.cs,https://api.github.com/repos/przemyslawzaworski/Unity3D-CG-programming
284,mesh_deformation.cs,https://api.github.com/repos/przemyslawzaworski/Unity3D-CG-programming
285,mrt.cs,https://api.github.com/repos/przemyslawzaworski/Unity3D-CG-programming
286,notebook_drawings.cs,https://api.github.com/repos/przemyslawzaworski/Unity3D-CG-programming
287,ocean.cs,https://api.github.com/repos/przemyslawzaworski/Unity3D-CG-programming
288,outline.cs,https://api.github.com/repos/przemyslawzaworski/Unity3D-CG-programming
289,paint.cs,https://api.github.com/repos/przemyslawzaworski/Unity3D-CG-programming
290,paint3D.cs,https://api.github.com/repos/przemyslawzaworski/Unity3D-CG-programming
291,point_cloud.cs,https://api.github.com/repos/przemyslawzaworski/Unity3D-CG-programming
292,point_cloud_with_shadow.cs,https://api.github.com/repos/przemyslawzaworski/Unity3D-CG-programming
293,raymarching_direct_compute.cs,https://api.github.com/repos/przemyslawzaworski/Unity3D-CG-programming
294,raymarching_full_integration.cs,https://api.github.com/repos/przemyslawzaworski/Unity3D-CG-programming
295,rw_structured_buffer.cs,https://api.github.com/repos/przemyslawzaworski/Unity3D-CG-programming
296,save_material.cs,https://api.github.com/repos/przemyslawzaworski/Unity3D-CG-programming
297,save_material_editor.cs,https://api.github.com/repos/przemyslawzaworski/Unity3D-CG-programming
298,save_render_texture.cs,https://api.github.com/repos/przemyslawzaworski/Unity3D-CG-programming
299,shader_dynamic_array.cs,https://api.github.com/repos/przemyslawzaworski/Unity3D-CG-programming
300,smallpt.cs,https://api.github.com/repos/przemyslawzaworski/Unity3D-CG-programming
301,structured_buffer.cs,https://api.github.com/repos/przemyslawzaworski/Unity3D-CG-programming
302,toonify.cs,https://api.github.com/repos/przemyslawzaworski/Unity3D-CG-programming
303,volume_texture.cs,https://api.github.com/repos/przemyslawzaworski/Unity3D-CG-programming
304,volumetric_lighting.cs,https://api.github.com/repos/przemyslawzaworski/Unity3D-CG-programming
305,waveform.cs,https://api.github.com/repos/przemyslawzaworski/Unity3D-CG-programming
307,AmbientOcclusion.cs,https://api.github.com/repos/przemyslawzaworski/Unity3D-CG-programming
308,BakeVertexColorMap.cs,https://api.github.com/repos/przemyslawzaworski/Unity3D-CG-programming
309,BezierSurface.cs,https://api.github.com/repos/przemyslawzaworski/Unity3D-CG-programming
310,CAS.cs,https://api.github.com/repos/przemyslawzaworski/Unity3D-CG-programming
311,DecalPainter.cs,https://api.github.com/repos/przemyslawzaworski/Unity3D-CG-programming
312,DepthBufferToWorldSpace.cs,https://api.github.com/repos/przemyslawzaworski/Unity3D-CG-programming
313,DrawCircles.cs,https://api.github.com/repos/przemyslawzaworski/Unity3D-CG-programming
314,DrawCubes.cs,https://api.github.com/repos/przemyslawzaworski/Unity3D-CG-programming
315,DrawSphere.cs,https://api.github.com/repos/przemyslawzaworski/Unity3D-CG-programming
316,FogOfWar.cs,https://api.github.com/repos/przemyslawzaworski/Unity3D-CG-programming
317,NurbsCurve.cs,https://api.github.com/repos/przemyslawzaworski/Unity3D-CG-programming
318,NurbsHair.cs,https://api.github.com/repos/przemyslawzaworski/Unity3D-CG-programming
319,NurbsSurface.cs,https://api.github.com/repos/przemyslawzaworski/Unity3D-CG-programming
320,ParticleCollision.cs,https://api.github.com/repos/przemyslawzaworski/Unity3D-CG-programming
321,ProceduralGeometry.cs,https://api.github.com/repos/przemyslawzaworski/Unity3D-CG-programming
322,ProceduralSphereTessellation.cs,https://api.github.com/repos/przemyslawzaworski/Unity3D-CG-programming
323,ReactionDiffusion.cs,https://api.github.com/repos/przemyslawzaworski/Unity3D-CG-programming
324,ShaderDebugging.cs,https://api.github.com/repos/przemyslawzaworski/Unity3D-CG-programming
325,SquareRoot.cs,https://api.github.com/repos/przemyslawzaworski/Unity3D-CG-programming
326,VertexShaderImage.cs,https://api.github.com/repos/przemyslawzaworski/Unity3D-CG-programming
327,VertexShaderTessellation.cs,https://api.github.com/repos/przemyslawzaworski/Unity3D-CG-programming
328,VolumeSpotLight.cs,https://api.github.com/repos/przemyslawzaworski/Unity3D-CG-programming
329,abyss.cs,https://api.github.com/repos/przemyslawzaworski/Unity3D-CG-programming
330,accumulation.cs,https://api.github.com/repos/przemyslawzaworski/Unity3D-CG-programming
331,area.cs,https://api.github.com/repos/przemyslawzaworski/Unity3D-CG-programming
332,buffer.cs,https://api.github.com/repos/przemyslawzaworski/Unity3D-CG-programming
333,collision_mesh_plane.cs,https://api.github.com/repos/przemyslawzaworski/Unity3D-CG-programming
334,debug_vertex_index.cs,https://api.github.com/repos/przemyslawzaworski/Unity3D-CG-programming
335,depth.cs,https://api.github.com/repos/przemyslawzaworski/Unity3D-CG-programming
336,diagonal_transition.cs,https://api.github.com/repos/przemyslawzaworski/Unity3D-CG-programming
337,drunk.cs,https://api.github.com/repos/przemyslawzaworski/Unity3D-CG-programming
338,fibonacci.cs,https://api.github.com/repos/przemyslawzaworski/Unity3D-CG-programming
339,fire.cs,https://api.github.com/repos/przemyslawzaworski/Unity3D-CG-programming
340,flow_mapping.cs,https://api.github.com/repos/przemyslawzaworski/Unity3D-CG-programming
341,fluid_dynamics.cs,https://api.github.com/repos/przemyslawzaworski/Unity3D-CG-programming
342,instancing.cs,https://api.github.com/repos/przemyslawzaworski/Unity3D-CG-programming
343,map_projection.cs,https://api.github.com/repos/przemyslawzaworski/Unity3D-CG-programming
344,map_trees.cs,https://api.github.com/repos/przemyslawzaworski/Unity3D-CG-programming
345,mesh_deformation.cs,https://api.github.com/repos/przemyslawzaworski/Unity3D-CG-programming
346,mrt.cs,https://api.github.com/repos/przemyslawzaworski/Unity3D-CG-programming
347,notebook_drawings.cs,https://api.github.com/repos/przemyslawzaworski/Unity3D-CG-programming
348,ocean.cs,https://api.github.com/repos/przemyslawzaworski/Unity3D-CG-programming
349,outline.cs,https://api.github.com/repos/przemyslawzaworski/Unity3D-CG-programming
350,paint.cs,https://api.github.com/repos/przemyslawzaworski/Unity3D-CG-programming
351,paint3D.cs,https://api.github.com/repos/przemyslawzaworski/Unity3D-CG-programming
352,point_cloud.cs,https://api.github.com/repos/przemyslawzaworski/Unity3D-CG-programming
353,point_cloud_with_shadow.cs,https://api.github.com/repos/przemyslawzaworski/Unity3D-CG-programming
354,raymarching_direct_compute.cs,https://api.github.com/repos/przemyslawzaworski/Unity3D-CG-programming
355,raymarching_full_integration.cs,https://api.github.com/repos/przemyslawzaworski/Unity3D-CG-programming
356,rw_structured_buffer.cs,https://api.github.com/repos/przemyslawzaworski/Unity3D-CG-programming
357,save_material.cs,https://api.github.com/repos/przemyslawzaworski/Unity3D-CG-programming
358,save_material_editor.cs,https://api.github.com/repos/przemyslawzaworski/Unity3D-CG-programming
359,save_render_texture.cs,https://api.github.com/repos/przemyslawzaworski/Unity3D-CG-programming
360,shader_dynamic_array.cs,https://api.github.com/repos/przemyslawzaworski/Unity3D-CG-programming
361,smallpt.cs,https://api.github.com/repos/przemyslawzaworski/Unity3D-CG-programming
362,structured_buffer.cs,https://api.github.com/repos/przemyslawzaworski/Unity3D-CG-programming
363,toonify.cs,https://api.github.com/repos/przemyslawzaworski/Unity3D-CG-programming
364,volume_texture.cs,https://api.github.com/repos/przemyslawzaworski/Unity3D-CG-programming
365,volumetric_lighting.cs,https://api.github.com/repos/przemyslawzaworski/Unity3D-CG-programming
366,waveform.cs,https://api.github.com/repos/przemyslawzaworski/Unity3D-CG-programming
368,AmbientOcclusion.cs,https://api.github.com/repos/przemyslawzaworski/Unity3D-CG-programming
369,BakeVertexColorMap.cs,https://api.github.com/repos/przemyslawzaworski/Unity3D-CG-programming
370,BezierSurface.cs,https://api.github.com/repos/przemyslawzaworski/Unity3D-CG-programming
371,CAS.cs,https://api.github.com/repos/przemyslawzaworski/Unity3D-CG-programming
372,DecalPainter.cs,https://api.github.com/repos/przemyslawzaworski/Unity3D-CG-programming
373,DepthBufferToWorldSpace.cs,https://api.github.com/repos/przemyslawzaworski/Unity3D-CG-programming
374,DrawCircles.cs,https://api.github.com/repos/przemyslawzaworski/Unity3D-CG-programming
375,DrawCubes.cs,https://api.github.com/repos/przemyslawzaworski/Unity3D-CG-programming
376,DrawSphere.cs,https://api.github.com/repos/przemyslawzaworski/Unity3D-CG-programming
377,FogOfWar.cs,https://api.github.com/repos/przemyslawzaworski/Unity3D-CG-programming
378,NurbsCurve.cs,https://api.github.com/repos/przemyslawzaworski/Unity3D-CG-programming
379,NurbsHair.cs,https://api.github.com/repos/przemyslawzaworski/Unity3D-CG-programming
380,NurbsSurface.cs,https://api.github.com/repos/przemyslawzaworski/Unity3D-CG-programming
381,ParticleCollision.cs,https://api.github.com/repos/przemyslawzaworski/Unity3D-CG-programming
382,ProceduralGeometry.cs,https://api.github.com/repos/przemyslawzaworski/Unity3D-CG-programming
383,ProceduralSphereTessellation.cs,https://api.github.com/repos/przemyslawzaworski/Unity3D-CG-programming
384,ReactionDiffusion.cs,https://api.github.com/repos/przemyslawzaworski/Unity3D-CG-programming
385,ShaderDebugging.cs,https://api.github.com/repos/przemyslawzaworski/Unity3D-CG-programming
386,SquareRoot.cs,https://api.github.com/repos/przemyslawzaworski/Unity3D-CG-programming
387,VertexShaderImage.cs,https://api.github.com/repos/przemyslawzaworski/Unity3D-CG-programming
388,VertexShaderTessellation.cs,https://api.github.com/repos/przemyslawzaworski/Unity3D-CG-programming
389,VolumeSpotLight.cs,https://api.github.com/repos/przemyslawzaworski/Unity3D-CG-programming
390,abyss.cs,https://api.github.com/repos/przemyslawzaworski/Unity3D-CG-programming
391,accumulation.cs,https://api.github.com/repos/przemyslawzaworski/Unity3D-CG-programming
392,area.cs,https://api.github.com/repos/przemyslawzaworski/Unity3D-CG-programming
393,buffer.cs,https://api.github.com/repos/przemyslawzaworski/Unity3D-CG-programming
394,collision_mesh_plane.cs,https://api.github.com/repos/przemyslawzaworski/Unity3D-CG-programming
395,debug_vertex_index.cs,https://api.github.com/repos/przemyslawzaworski/Unity3D-CG-programming
396,depth.cs,https://api.github.com/repos/przemyslawzaworski/Unity3D-CG-programming
397,diagonal_transition.cs,https://api.github.com/repos/przemyslawzaworski/Unity3D-CG-programming
398,drunk.cs,https://api.github.com/repos/przemyslawzaworski/Unity3D-CG-programming
399,fibonacci.cs,https://api.github.com/repos/przemyslawzaworski/Unity3D-CG-programming
400,fire.cs,https://api.github.com/repos/przemyslawzaworski/Unity3D-CG-programming
401,flow_mapping.cs,https://api.github.com/repos/przemyslawzaworski/Unity3D-CG-programming
402,fluid_dynamics.cs,https://api.github.com/repos/przemyslawzaworski/Unity3D-CG-programming
403,instancing.cs,https://api.github.com/repos/przemyslawzaworski/Unity3D-CG-programming
404,map_projection.cs,https://api.github.com/repos/przemyslawzaworski/Unity3D-CG-programming
405,map_trees.cs,https://api.github.com/repos/przemyslawzaworski/Unity3D-CG-programming
406,mesh_deformation.cs,https://api.github.com/repos/przemyslawzaworski/Unity3D-CG-programming
407,mrt.cs,https://api.github.com/repos/przemyslawzaworski/Unity3D-CG-programming
408,notebook_drawings.cs,https://api.github.com/repos/przemyslawzaworski/Unity3D-CG-programming
409,ocean.cs,https://api.github.com/repos/przemyslawzaworski/Unity3D-CG-programming
410,outline.cs,https://api.github.com/repos/przemyslawzaworski/Unity3D-CG-programming
411,paint.cs,https://api.github.com/repos/przemyslawzaworski/Unity3D-CG-programming
412,paint3D.cs,https://api.github.com/repos/przemyslawzaworski/Unity3D-CG-programming
413,point_cloud.cs,https://api.github.com/repos/przemyslawzaworski/Unity3D-CG-programming
414,point_cloud_with_shadow.cs,https://api.github.com/repos/przemyslawzaworski/Unity3D-CG-programming
415,raymarching_direct_compute.cs,https://api.github.com/repos/przemyslawzaworski/Unity3D-CG-programming
416,raymarching_full_integration.cs,https://api.github.com/repos/przemyslawzaworski/Unity3D-CG-programming
417,rw_structured_buffer.cs,https://api.github.com/repos/przemyslawzaworski/Unity3D-CG-programming
418,save_material.cs,https://api.github.com/repos/przemyslawzaworski/Unity3D-CG-programming
419,save_material_editor.cs,https://api.github.com/repos/przemyslawzaworski/Unity3D-CG-programming
420,save_render_texture.cs,https://api.github.com/repos/przemyslawzaworski/Unity3D-CG-programming
421,shader_dynamic_array.cs,https://api.github.com/repos/przemyslawzaworski/Unity3D-CG-programming
422,smallpt.cs,https://api.github.com/repos/przemyslawzaworski/Unity3D-CG-programming
423,structured_buffer.cs,https://api.github.com/repos/przemyslawzaworski/Unity3D-CG-programming
424,toonify.cs,https://api.github.com/repos/przemyslawzaworski/Unity3D-CG-programming
425,volume_texture.cs,https://api.github.com/repos/przemyslawzaworski/Unity3D-CG-programming
426,volumetric_lighting.cs,https://api.github.com/repos/przemyslawzaworski/Unity3D-CG-programming
427,waveform.cs,https://api.github.com/repos/przemyslawzaworski/Unity3D-CG-programming
429,AmbientOcclusion.cs,https://api.github.com/repos/przemyslawzaworski/Unity3D-CG-programming
430,BakeVertexColorMap.cs,https://api.github.com/repos/przemyslawzaworski/Unity3D-CG-programming
431,BezierSurface.cs,https://api.github.com/repos/przemyslawzaworski/Unity3D-CG-programming
432,CAS.cs,https://api.github.com/repos/przemyslawzaworski/Unity3D-CG-programming
433,DecalPainter.cs,https://api.github.com/repos/przemyslawzaworski/Unity3D-CG-programming
434,DepthBufferToWorldSpace.cs,https://api.github.com/repos/przemyslawzaworski/Unity3D-CG-programming
435,DrawCircles.cs,https://api.github.com/repos/przemyslawzaworski/Unity3D-CG-programming
436,DrawCubes.cs,https://api.github.com/repos/przemyslawzaworski/Unity3D-CG-programming
437,DrawSphere.cs,https://api.github.com/repos/przemyslawzaworski/Unity3D-CG-programming
438,FogOfWar.cs,https://api.github.com/repos/przemyslawzaworski/Unity3D-CG-programming
439,NurbsCurve.cs,https://api.github.com/repos/przemyslawzaworski/Unity3D-CG-programming
440,NurbsHair.cs,https://api.github.com/repos/przemyslawzaworski/Unity3D-CG-programming
441,NurbsSurface.cs,https://api.github.com/repos/przemyslawzaworski/Unity3D-CG-programming
442,ParticleCollision.cs,https://api.github.com/repos/przemyslawzaworski/Unity3D-CG-programming
443,ProceduralGeometry.cs,https://api.github.com/repos/przemyslawzaworski/Unity3D-CG-programming
444,ProceduralSphereTessellation.cs,https://api.github.com/repos/przemyslawzaworski/Unity3D-CG-programming
445,ReactionDiffusion.cs,https://api.github.com/repos/przemyslawzaworski/Unity3D-CG-programming
446,ShaderDebugging.cs,https://api.github.com/repos/przemyslawzaworski/Unity3D-CG-programming
447,SquareRoot.cs,https://api.github.com/repos/przemyslawzaworski/Unity3D-CG-programming
448,VertexShaderImage.cs,https://api.github.com/repos/przemyslawzaworski/Unity3D-CG-programming
449,VertexShaderTessellation.cs,https://api.github.com/repos/przemyslawzaworski/Unity3D-CG-programming
450,VolumeSpotLight.cs,https://api.github.com/repos/przemyslawzaworski/Unity3D-CG-programming
451,abyss.cs,https://api.github.com/repos/przemyslawzaworski/Unity3D-CG-programming
452,accumulation.cs,https://api.github.com/repos/przemyslawzaworski/Unity3D-CG-programming
453,area.cs,https://api.github.com/repos/przemyslawzaworski/Unity3D-CG-programming
454,buffer.cs,https://api.github.com/repos/przemyslawzaworski/Unity3D-CG-programming
455,collision_mesh_plane.cs,https://api.github.com/repos/przemyslawzaworski/Unity3D-CG-programming
456,debug_vertex_index.cs,https://api.github.com/repos/przemyslawzaworski/Unity3D-CG-programming
457,depth.cs,https://api.github.com/repos/przemyslawzaworski/Unity3D-CG-programming
458,diagonal_transition.cs,https://api.github.com/repos/przemyslawzaworski/Unity3D-CG-programming
459,drunk.cs,https://api.github.com/repos/przemyslawzaworski/Unity3D-CG-programming
460,fibonacci.cs,https://api.github.com/repos/przemyslawzaworski/Unity3D-CG-programming
461,fire.cs,https://api.github.com/repos/przemyslawzaworski/Unity3D-CG-programming
462,flow_mapping.cs,https://api.github.com/repos/przemyslawzaworski/Unity3D-CG-programming
463,fluid_dynamics.cs,https://api.github.com/repos/przemyslawzaworski/Unity3D-CG-programming
464,instancing.cs,https://api.github.com/repos/przemyslawzaworski/Unity3D-CG-programming
465,map_projection.cs,https://api.github.com/repos/przemyslawzaworski/Unity3D-CG-programming
466,map_trees.cs,https://api.github.com/repos/przemyslawzaworski/Unity3D-CG-programming
467,mesh_deformation.cs,https://api.github.com/repos/przemyslawzaworski/Unity3D-CG-programming
468,mrt.cs,https://api.github.com/repos/przemyslawzaworski/Unity3D-CG-programming
469,notebook_drawings.cs,https://api.github.com/repos/przemyslawzaworski/Unity3D-CG-programming
470,ocean.cs,https://api.github.com/repos/przemyslawzaworski/Unity3D-CG-programming
471,outline.cs,https://api.github.com/repos/przemyslawzaworski/Unity3D-CG-programming
472,paint.cs,https://api.github.com/repos/przemyslawzaworski/Unity3D-CG-programming
473,paint3D.cs,https://api.github.com/repos/przemyslawzaworski/Unity3D-CG-programming
474,point_cloud.cs,https://api.github.com/repos/przemyslawzaworski/Unity3D-CG-programming
475,point_cloud_with_shadow.cs,https://api.github.com/repos/przemyslawzaworski/Unity3D-CG-programming
476,raymarching_direct_compute.cs,https://api.github.com/repos/przemyslawzaworski/Unity3D-CG-programming
477,raymarching_full_integration.cs,https://api.github.com/repos/przemyslawzaworski/Unity3D-CG-programming
478,rw_structured_buffer.cs,https://api.github.com/repos/przemyslawzaworski/Unity3D-CG-programming
479,save_material.cs,https://api.github.com/repos/przemyslawzaworski/Unity3D-CG-programming
480,save_material_editor.cs,https://api.github.com/repos/przemyslawzaworski/Unity3D-CG-programming
481,save_render_texture.cs,https://api.github.com/repos/przemyslawzaworski/Unity3D-CG-programming
482,shader_dynamic_array.cs,https://api.github.com/repos/przemyslawzaworski/Unity3D-CG-programming
483,smallpt.cs,https://api.github.com/repos/przemyslawzaworski/Unity3D-CG-programming
484,structured_buffer.cs,https://api.github.com/repos/przemyslawzaworski/Unity3D-CG-programming
485,toonify.cs,https://api.github.com/repos/przemyslawzaworski/Unity3D-CG-programming
486,volume_texture.cs,https://api.github.com/repos/przemyslawzaworski/Unity3D-CG-programming
487,volumetric_lighting.cs,https://api.github.com/repos/przemyslawzaworski/Unity3D-CG-programming
488,waveform.cs,https://api.github.com/repos/przemyslawzaworski/Unity3D-CG-programming
490,AmbientOcclusion.cs,https://api.github.com/repos/przemyslawzaworski/Unity3D-CG-programming
491,BakeVertexColorMap.cs,https://api.github.com/repos/przemyslawzaworski/Unity3D-CG-programming
492,BezierSurface.cs,https://api.github.com/repos/przemyslawzaworski/Unity3D-CG-programming
493,CAS.cs,https://api.github.com/repos/przemyslawzaworski/Unity3D-CG-programming
494,DecalPainter.cs,https://api.github.com/repos/przemyslawzaworski/Unity3D-CG-programming
495,DepthBufferToWorldSpace.cs,https://api.github.com/repos/przemyslawzaworski/Unity3D-CG-programming
496,DrawCircles.cs,https://api.github.com/repos/przemyslawzaworski/Unity3D-CG-programming
497,DrawCubes.cs,https://api.github.com/repos/przemyslawzaworski/Unity3D-CG-programming
498,DrawSphere.cs,https://api.github.com/repos/przemyslawzaworski/Unity3D-CG-programming
499,FogOfWar.cs,https://api.github.com/repos/przemyslawzaworski/Unity3D-CG-programming
497,DrawCubes.cs,https://api.github.com/repos/przemyslawzaworski/Unity3D-CG-programming
498,DrawSphere.cs,https://api.github.com/repos/przemyslawzaworski/Unity3D-CG-programming
499,FogOfWar.cs,https://api.github.com/repos/przemyslawzaworski/Unity3D-CG-programming
497,DrawCubes.cs,https://api.github.com/repos/przemyslawzaworski/Unity3D-CG-programming
498,DrawSphere.cs,https://api.github.com/repos/przemyslawzaworski/Unity3D-CG-programming
499,FogOfWar.cs,https://api.github.com/repos/przemyslawzaworski/Unity3D-CG-programming
499,FogOfWar.cs,https://api.github.com/repos/przemyslawzaworski/Unity3D-CG-programming
499,FogOfWar.cs,https://api.github.com/repos/przemyslawzaworski/Unity3D-CG-programming
499,FogOfWar.cs,https://api.github.com/repos/przemyslawzaworski/Unity3D-CG-programming
